Province,District,Gender,School,SLC,NEB,Escore,Merit No
7,Achham,M,P,82.5,79,92,30
7,Achham,M,G,78,69,80,208
7,Achham,M,O,75,59,80,215
7,Achham,M,P,71.25,60.75,71,573
7,Achham,M,Null,73.75,73.25,68,705
7,Achham,M,P,57.5,56.5,68,756
7,Achham,M,G,56.25,54.25,68,757
7,Achham,M,G,84,70.25,62,1135
5,Arghakhanchi,M,G,80,79,97,10
5,Arghakhanchi,F,Null,85,80.5,94,21
5,Arghakhanchi,M,P,80,82.25,90,36
5,Arghakhanchi,F,P,87.5,76.5,84,105
5,Arghakhanchi,M,G,56.25,62.25,83,137
0,Arghakhanchi,F,G,72.5,68.25,79,235
5,Arghakhanchi,M,G,78.5,75.75,77,279
5,Arghakhanchi,F,P,82.5,77.25,76,309
0,Arghakhanchi,F,G,81.25,69.75,76,320
5,Arghakhanchi,M,G,82.5,75.75,75,350
5,Arghakhanchi,F,P,68.75,66.5,74,406
5,Arghakhanchi,M,P,65,62.5,74,411
5,Arghakhanchi,M,G,80,72.25,73,442
5,Arghakhanchi,M,P,80,70.75,73,446
5,Arghakhanchi,F,P,86.25,69,72,494
5,Arghakhanchi,F,G,78.5,74,68,703
5,Arghakhanchi,M,P,76.25,66.5,68,729
5,Arghakhanchi,F,G,81.25,75.75,67,769
5,Arghakhanchi,M,G,77.5,73.25,67,781
5,Arghakhanchi,F,G,77.5,75.75,62,1120
5,Arghakhanchi,M,G,62.5,60.25,62,1183
5,Arghakhanchi,M,P,66.25,57,62,1192
5,Arghakhanchi,F,G,73.75,69,61,1218
5,Arghakhanchi,M,Null,68.75,61.5,61,1248
0,Arghakhanchi,F,P,75,56.5,60,1354
4,Baglung,M,G,86,79,93,24
0,Baglung,M,P,80,79.75,88,50
4,Baglung,M,Null,75,77.25,84,103
4,Baglung,F,P,83.75,81.5,82,142
4,Baglung,F,G,86.25,77.25,81,173
4,Baglung,M,P,75,75.75,81,176
4,Baglung,M,P,78.5,72.25,80,204
4,Baglung,F,G,80,74,79,228
4,Baglung,F,Null,81.25,59,79,244
4,Baglung,M,G,78.5,68.25,77,289
4,Baglung,M,P,85,66.5,77,291
4,Baglung,F,P,87.5,78.75,75,341
4,Baglung,F,Null,73.75,63.5,73,458
0,Baglung,F,P,76.25,74,72,482
4,Baglung,M,G,76.25,72.25,71,538
4,Baglung,F,Null,70,69,71,547
4,Baglung,F,P,82.5,71.25,70,597
4,Baglung,F,G,73.75,68,70,607
4,Baglung,F,P,83.75,76.75,69,635
0,Baglung,M,Null,70,63.5,69,681
4,Baglung,F,P,77.5,73,68,706
4,Baglung,F,Null,80,72.25,68,708
4,Baglung,F,G,76.25,72,68,712
4,Baglung,F,G,67.5,61.75,68,742
4,Baglung,M,P,83.75,61.5,68,743
4,Baglung,F,P,87.5,74.75,67,772
4,Baglung,M,P,72.5,73.25,66,840
4,Baglung,M,G,85,60.75,66,883
4,Baglung,F,O,81.25,72.25,65,912
4,Baglung,M,P,71.25,62,65,957
4,Baglung,F,P,87.5,81.5,64,969
4,Baglung,F,P,76.25,56.75,64,1034
4,Baglung,F,P,71.25,64.75,62,1160
4,Baglung,F,P,85,63.75,62,1169
4,Baglung,F,O,78.5,79.75,60,1274
7,Baitadi,F,P,76.25,73,83,127
7,Baitadi,M,P,81.25,63,80,213
7,Baitadi,M,P,81.25,69.5,73,450
7,Baitadi,F,P,71.25,62.25,65,955
7,Bajhang,M,P,73.75,64.75,72,504
7,Bajhang,M,G,56.25,50.5,67,832
7,Bajhang,M,G,75,59,62,1188
7,Bajura,M,P,72.5,79.75,83,121
7,Bajura,M,P,77.5,74,79,229
0,Banke,M,G,83.75,74,93,28
5,Banke,M,P,80,76.5,86,78
5,Banke,F,G,83.75,66.5,85,91
5,Banke,M,P,83.75,67.25,84,114
5,Banke,F,P,78.5,65.5,82,164
5,Banke,M,P,80,62.25,79,243
5,Banke,M,G,77.5,75.75,77,280
5,Banke,F,P,76.25,69,75,368
5,Banke,M,P,73.75,59.75,74,416
5,Banke,M,P,75,63,70,621
5,Banke,M,P,82.5,69.75,69,654
5,Banke,F,P,77.5,61.75,69,684
5,Banke,M,P,83.75,69.75,68,716
5,Banke,F,P,66.25,61.5,68,746
5,Banke,M,G,56.25,65.75,66,862
5,Banke,F,P,85,65.75,64,1011
5,Banke,F,G,60,62.25,64,1022
5,Banke,M,P,83.75,81.5,63,1042
5,Banke,M,P,67.5,59.5,62,1187
5,Banke,F,P,82.5,60.5,61,1254
2,Bara,M,P,81.25,69,74,403
2,Bara,F,P,73.75,57.25,74,421
2,Bara,M,P,71.25,61.25,73,465
0,Bara,F,G,76.25,61,71,571
2,Bara,F,P,76.25,58.25,70,628
2,Bara,F,P,86.25,58.5,65,965
2,Bara,F,P,82.5,74.5,63,1047
0,Bara,M,G,78.5,63.25,62,1174
0,Bara,M,G,65,57.25,61,1267
2,Bara,F,O,75,58.25,60,1350
5,Bardiya,M,P,86.25,79.75,88,48
5,Bardiya,M,G,75,63.25,81,185
5,Bardiya,M,G,70,66.5,77,292
5,Bardiya,M,P,70,62.25,77,298
5,Bardiya,M,P,75,63.25,75,376
5,Bardiya,F,P,80,59,74,417
5,Bardiya,M,P,65,57,74,422
5,Bardiya,M,P,77.5,61.75,73,462
5,Bardiya,F,P,78.5,60.75,70,624
5,Bardiya,F,P,83.75,69,69,659
5,Bardiya,M,P,65,60.5,68,749
5,Bardiya,M,P,77.5,62.25,67,816
5,Bardiya,F,G,71.25,64,66,871
5,Bardiya,F,P,73.38,76.35,65,903
5,Bardiya,F,Null,78.5,70.75,65,919
5,Bardiya,F,G,58.75,84.94,63,1040
5,Bardiya,M,P,75,65.75,63,1078
5,Bardiya,M,G,61.25,56.75,63,1109
5,Bardiya,F,G,62.5,63.25,61,1239
5,Bardiya,F,P,82.5,60.75,61,1250
3,Bhaktapur,M,G,80,66.25,70,613
3,Bhaktapur,F,P,82.5,62,64,1023
3,Bhaktapur,F,P,76.25,66.25,63,1076
3,Bhaktapur,F,P,81.25,64,63,1086
3,Chitwan,F,P,90,85.75,98,6
3,Chitwan,M,P,80,76.5,98,8
3,Chitwan,M,P,82.5,82.25,97,9
3,Chitwan,M,P,73.75,59.75,97,12
3,Chitwan,M,O,82.5,69,95,15
3,Chitwan,F,P,83.75,75.75,93,27
3,Chitwan,F,P,85,78.25,92,31
3,Chitwan,F,P,85,71.5,92,32
3,Chitwan,F,P,83.75,81.5,90,37
3,Chitwan,M,P,75,74,89,44
3,Chitwan,F,G,83.75,80.75,88,45
3,Chitwan,F,P,80,80.75,88,46
3,Chitwan,F,G,75,74.75,88,54
3,Chitwan,F,P,85,73.25,87,66
3,Chitwan,F,G,86.25,79.75,86,72
3,Chitwan,F,G,83.75,79,86,73
3,Chitwan,M,G,82.5,75.75,86,79
3,Chitwan,M,P,81.25,73.25,86,84
3,Chitwan,F,P,82.5,71.5,85,90
3,Chitwan,M,G,72.5,64,85,92
3,Chitwan,F,P,81.25,83.25,84,95
3,Chitwan,M,P,83.75,79.75,84,99
3,Chitwan,F,P,82.5,77.25,84,102
3,Chitwan,F,P,82.5,74,84,109
3,Chitwan,M,P,75,67.25,84,116
3,Chitwan,F,G,66.25,64,84,117
3,Chitwan,M,P,80,77.25,83,122
3,Chitwan,F,P,85,72.25,83,128
3,Chitwan,M,P,75,64.25,83,135
3,Chitwan,M,G,81.25,62.25,83,136
3,Chitwan,F,P,87.5,84,82,139
3,Chitwan,F,P,82.5,82.25,82,141
3,Chitwan,M,P,76.25,74,82,153
3,Chitwan,M,P,81.25,65.75,82,162
3,Chitwan,M,Null,82.5,79.75,81,171
3,Chitwan,F,P,76.25,62.25,81,187
3,Chitwan,M,P,76.25,57.25,81,190
3,Chitwan,M,P,78.5,79,80,194
0,Chitwan,F,G,83.75,72.25,80,202
3,Chitwan,M,P,78.5,69.75,80,207
3,Chitwan,F,G,89,80.75,79,217
3,Chitwan,M,G,83.75,78.25,79,222
3,Chitwan,F,P,80,75.75,79,225
3,Chitwan,F,P,80,72.25,79,230
3,Chitwan,F,P,75,59,79,245
3,Chitwan,F,P,86.25,83.25,78,246
3,Chitwan,F,G,83.75,76.5,78,250
3,Chitwan,F,P,78.5,76.5,78,251
3,Chitwan,F,G,82.5,74.75,78,253
3,Chitwan,F,G,88.75,74,78,255
3,Chitwan,M,O,78.5,72.25,78,257
3,Chitwan,F,G,72.5,71.5,78,259
3,Chitwan,F,G,71.25,71.5,78,260
3,Chitwan,F,G,86.25,75.75,77,278
3,Chitwan,F,P,77.5,71.5,77,283
3,Chitwan,F,P,81.25,69.75,77,287
3,Chitwan,F,P,80,69,77,288
3,Chitwan,F,P,82.5,65.75,77,293
3,Chitwan,M,G,80,61.5,77,299
3,Chitwan,F,P,86.25,78.25,76,305
3,Chitwan,M,P,76.25,78.25,76,307
3,Chitwan,F,P,83.75,75.75,76,310
3,Chitwan,M,G,81.25,74,76,314
3,Chitwan,M,P,78.5,71.5,76,315
3,Chitwan,F,P,85,70.75,76,317
3,Chitwan,M,P,83.75,70.75,76,318
3,Chitwan,F,P,76.25,67.25,76,326
3,Chitwan,F,P,81.25,77.25,75,343
3,Chitwan,F,P,83.75,76.5,75,345
3,Chitwan,F,G,81.25,70.75,75,362
3,Chitwan,F,P,80,70.75,75,363
3,Chitwan,F,G,78.5,64.75,75,374
3,Chitwan,F,P,83.75,80.75,74,382
3,Chitwan,F,P,80,79,74,385
3,Chitwan,F,P,80,76.5,74,388
3,Chitwan,F,G,82.5,72.25,74,391
3,Chitwan,M,P,80,70.75,74,396
3,Chitwan,F,G,72.5,70.75,74,399
3,Chitwan,F,P,85,78.25,73,427
3,Chitwan,M,P,83.75,78.25,73,428
3,Chitwan,F,P,81.25,78.25,73,429
3,Chitwan,F,P,76.25,78.25,73,430
3,Chitwan,M,P,81.25,74,73,436
3,Chitwan,F,P,80,74,73,437
3,Chitwan,M,P,81.25,64.75,73,456
3,Chitwan,M,G,72.5,57,73,472
3,Chitwan,M,Null,82.5,77.25,72,474
3,Chitwan,F,P,83.75,76.5,72,475
3,Chitwan,F,P,81.25,74,72,481
3,Chitwan,F,P,78.5,73.25,72,486
3,Chitwan,F,P,85,72.25,72,488
3,Chitwan,F,G,75,70.75,72,491
3,Chitwan,F,G,86.25,67.25,72,500
3,Chitwan,F,P,78.5,64.75,72,503
3,Chitwan,F,P,73.75,64,72,505
3,Chitwan,M,Null,78.5,61.5,72,514
3,Chitwan,F,P,75,61.5,72,515
3,Chitwan,F,P,82.5,80.75,71,523
3,Chitwan,F,P,78.5,79,71,526
3,Chitwan,F,P,85,78.25,71,527
3,Chitwan,F,G,85,77.25,71,529
3,Chitwan,M,P,85,70.75,71,541
3,Chitwan,F,P,81.25,68.25,71,548
3,Chitwan,F,P,80,64,71,564
3,Chitwan,M,G,80,78.25,70,581
3,Chitwan,M,P,83.75,75.25,70,587
3,Chitwan,F,O,72.5,74,70,589
3,Chitwan,F,P,80,71.5,70,596
3,Chitwan,M,P,75,70.75,70,600
3,Chitwan,M,P,75,68.75,70,606
3,Chitwan,F,P,86.25,66.5,70,611
3,Chitwan,M,P,72.5,61.5,70,622
3,Chitwan,M,G,82.5,79,69,633
3,Chitwan,F,G,77.5,76.5,69,637
3,Chitwan,F,P,87.5,73.25,69,638
3,Chitwan,F,G,75,73.25,69,639
3,Chitwan,F,G,75,70.75,69,650
3,Chitwan,M,P,82.5,70,69,652
3,Chitwan,F,P,78.5,69,69,663
3,Chitwan,M,G,73.75,68.25,69,668
3,Chitwan,F,P,77.5,65.75,69,674
3,Chitwan,F,G,75,64.75,69,677
3,Chitwan,M,P,76.25,72.25,68,710
3,Chitwan,F,P,77.5,69.75,68,719
3,Chitwan,F,G,78.5,68.25,68,723
3,Chitwan,F,P,77.5,64,68,736
3,Chitwan,F,P,86.25,76.5,67,767
3,Chitwan,F,P,83.75,73.25,67,780
3,Chitwan,F,P,76.25,73.25,67,782
3,Chitwan,F,P,82.5,72.25,67,783
3,Chitwan,F,G,75,72.25,67,785
3,Chitwan,M,P,83.75,70.75,67,791
3,Chitwan,F,P,78.5,68.25,67,798
3,Chitwan,F,G,73.75,66.5,67,803
3,Chitwan,F,P,76.25,64.75,67,805
3,Chitwan,F,P,70,64.75,67,808
3,Chitwan,F,P,80,61.5,67,819
3,Chitwan,F,G,72.5,58,67,825
3,Chitwan,M,P,80,74.75,66,835
3,Chitwan,F,P,76.25,71.5,66,844
3,Chitwan,M,P,76.25,71,66,846
3,Chitwan,F,P,81.25,69,66,851
3,Chitwan,M,P,77.5,64.75,66,865
3,Chitwan,F,G,62.5,64.75,66,867
3,Chitwan,F,P,73.75,64,66,870
3,Chitwan,F,P,76.25,63.25,66,875
3,Chitwan,F,P,85,78.25,65,897
3,Chitwan,F,P,82.5,74,65,907
3,Chitwan,F,P,77.5,73.25,65,910
3,Chitwan,M,P,75,71.5,65,917
3,Chitwan,F,P,77.5,69.75,65,923
3,Chitwan,M,P,83.75,69.25,65,927
3,Chitwan,M,G,61.25,65.75,65,944
3,Chitwan,M,P,78.5,65,65,946
3,Chitwan,F,G,76.25,63.25,65,953
3,Chitwan,F,P,82.5,77.25,64,977
3,Chitwan,F,P,74.25,75.61,64,981
3,Chitwan,F,P,78.5,72.25,64,988
3,Chitwan,F,P,76.25,67.25,64,1002
3,Chitwan,F,P,68.75,66.75,64,1005
3,Chitwan,M,P,76.25,65.75,64,1012
3,Chitwan,F,P,75,64.75,64,1015
3,Chitwan,M,P,80,60.75,64,1028
3,Chitwan,M,G,71.25,54.75,64,1036
3,Chitwan,F,P,80,68.25,63,1067
3,Chitwan,F,P,72.5,68,63,1070
3,Chitwan,F,P,65,62.75,63,1094
3,Chitwan,F,P,80,62.25,63,1095
3,Chitwan,F,P,73.75,57.25,63,1108
3,Chitwan,F,P,85,74,62,1125
3,Chitwan,F,P,72.5,71.5,62,1132
3,Chitwan,M,G,72.5,68,62,1150
3,Chitwan,F,G,78.5,65.75,62,1157
3,Chitwan,F,P,82.5,64.75,62,1159
3,Chitwan,F,G,72.5,64,62,1165
3,Chitwan,F,P,80,63.5,62,1172
3,Chitwan,F,P,78.5,63.25,62,1173
3,Chitwan,F,G,72.5,59.75,62,1184
3,Chitwan,F,Null,65,53.25,62,1197
3,Chitwan,M,G,76.25,70.75,61,1216
3,Chitwan,M,G,82.5,67.25,61,1221
3,Chitwan,F,P,75,64.75,61,1230
3,Chitwan,F,P,80,64,61,1234
3,Chitwan,F,P,76.25,62.25,61,1243
3,Chitwan,F,G,76.25,60.75,61,1251
3,Chitwan,M,G,81.25,79,60,1275
3,Chitwan,M,P,81.25,72.25,60,1286
3,Chitwan,M,P,77.5,72.25,60,1288
3,Chitwan,M,G,77.5,69,60,1298
3,Chitwan,F,P,75,67.25,60,1307
3,Chitwan,M,P,76.25,66.75,60,1312
3,Chitwan,M,P,75,61.5,60,1336
3,Chitwan,F,P,77.5,59.5,60,1342
7,Dadeldhura,F,P,78.5,84,94,17
7,Dadeldhura,M,P,70,68.5,81,183
7,Dadeldhura,M,P,70,65.5,76,331
7,Dadeldhura,M,P,83.75,75.5,71,533
7,Dadeldhura,M,P,67.5,59.25,70,626
7,Dadeldhura,M,P,66.25,68.25,67,800
7,Dadeldhura,F,G,73.75,64.75,67,807
7,Dadeldhura,F,G,74,62.75,61,1240
7,Dadeldhura,F,P,72.5,78.75,60,1276
7,Dadeldhura,M,G,76,64.5,60,1326
7,Dadeldhura,F,G,67.5,57,60,1352
6,Dailekh,M,P,80,67,82,161
6,Dailekh,F,P,83.75,61.25,76,334
6,Dailekh,M,P,77.5,69.75,74,401
6,Dailekh,M,G,78.5,64,73,457
6,Dailekh,M,P,75,64.75,69,676
6,Dailekh,F,P,81.25,64.5,65,948
0,Dailekh,M,P,80,67.25,60,1306
5,Dang,M,P,83.75,76.5,101,1
5,Dang,M,P,86.25,80.75,99,5
5,Dang,M,P,65,71.5,87,67
5,Dang,M,P,77.5,64,87,68
5,Dang,M,G,77.5,68.5,83,133
5,Dang,M,P,80,67.25,79,237
5,Dang,M,G,80,65.5,76,330
5,Dang,M,P,83.75,69.25,75,367
5,Dang,F,P,85,70.75,74,395
5,Dang,M,G,75,74,73,438
5,Dang,F,P,77.5,77.25,71,530
5,Dang,F,P,86.25,64,71,563
5,Dang,F,P,76.25,64,71,566
5,Dang,M,P,73.75,53.5,71,576
5,Dang,F,P,78.5,64.75,70,618
5,Dang,M,G,73.75,73.25,69,640
5,Dang,M,P,82.5,70.75,69,648
5,Dang,F,P,77.5,66.5,69,671
5,Dang,M,P,67.5,66.5,68,731
5,Dang,M,P,78.5,64,68,735
5,Dang,M,P,81.25,63.75,68,737
5,Dang,M,P,75,63.75,67,814
5,Dang,F,P,77.5,60.25,67,823
5,Dang,F,G,56.25,55.75,67,829
5,Dang,F,G,68.75,73,64,985
5,Dang,M,O,65.13,81.84,63,1041
5,Dang,M,P,68.75,67.75,62,1152
5,Dang,F,P,70,68.75,60,1300
5,Dang,F,P,63.75,67.25,60,1310
7,Darchula,M,O,63.75,56.75,81,191
7,Darchula,M,G,58.75,58.25,77,302
7,Darchula,M,G,57,72.89,70,593
7,Darchula,F,G,68.75,60.75,69,688
7,Darchula,M,P,81.25,74,61,1207
7,Darchula,M,G,60,65.5,60,1324
3,Dhading,M,G,89,81.5,84,97
3,Dhading,F,P,82.5,65.5,78,266
3,Dhading,F,G,87.5,84,75,338
3,Dhading,M,G,76,65.92,75,372
3,Dhading,F,G,80,66.5,71,553
3,Dhading,F,G,77.5,61.5,71,570
3,Dhading,F,P,80,66,70,614
3,Dhading,M,P,86.25,79.75,69,631
3,Dhading,F,P,85,72.25,68,707
3,Dhading,F,P,72.5,57.25,68,754
3,Dhading,M,Null,87.5,78.25,64,976
3,Dhading,F,P,87.5,79.75,63,1044
3,Dhading,F,G,68.88,86.75,61,1200
3,Dhading,F,P,81.25,71.5,61,1213
3,Dhading,F,P,80,68.5,60,1301
1,Dhankuta,M,G,66.25,72.25,69,644
1,Dhankuta,M,P,77.5,63.25,68,739
1,Dhankuta,M,P,68.75,69.09,62,1138
1,Dhankuta,F,P,75,66,60,1320
0,Dhankuta,F,P,75,58.25,60,1349
2,Dhanusa,F,Null,78.5,81.5,76,304
2,Dhanusa,M,G,53.75,54,75,379
2,Dhanusa,F,P,81.25,73.25,73,440
2,Dhanusa,F,P,82.5,75.75,72,476
2,Dhanusa,F,G,66.25,74,72,484
2,Dhanusa,F,P,78.5,64.75,71,562
2,Dhanusa,F,G,82.5,73,70,592
2,Dhanusa,F,P,75,68.25,68,725
2,Dhanusa,F,P,81.25,61,67,822
2,Dhanusa,F,P,80,69,66,852
2,Dhanusa,F,P,80,58.25,65,967
2,Dhanusa,M,P,81.25,68,64,1000
2,Dhanusa,F,P,83.75,73.25,62,1126
2,Dhanusa,F,G,67.5,68.25,62,1148
2,Dhanusa,M,Null,77.5,77.25,61,1203
2,Dhanusa,M,G,82.5,59,61,1263
2,Dhanusa,M,G,83.75,58,61,1266
2,Dhanusa,F,Null,73.75,53.5,61,1270
2,Dhanusa,M,P,67.5,64,60,1327
2,Dhanusa,M,P,80,62.75,60,1332
2,Dhanusa,F,P,75,62.25,60,1333
2,Dhanusa,F,P,71.25,59.75,60,1341
3,Dolakha,M,G,83.75,69,82,160
3,Dolakha,F,P,87.5,76.5,74,387
3,Dolakha,F,G,58.75,71.22,72,490
3,Dolakha,F,P,81.25,65.5,63,1079
6,Dolpa,M,Null,71.25,71.5,60,1293
7,Doti,M,G,70,74.5,84,108
7,Doti,M,G,81.25,74,84,110
7,Doti,M,G,71.25,66.5,66,860
0,Gorkha,M,P,78.5,75.75,87,62
4,Gorkha,F,P,82.5,77.25,82,150
4,Gorkha,M,P,72.5,73.5,82,154
4,Gorkha,F,P,81.25,74,81,178
4,Gorkha,M,P,80,78.75,80,196
4,Gorkha,M,G,81.25,79,79,219
4,Gorkha,F,P,66.25,69,79,233
4,Gorkha,F,P,81.25,74.75,78,254
4,Gorkha,F,P,78.5,74,78,256
4,Gorkha,M,P,80,84,77,270
4,Gorkha,F,G,72.5,65.5,73,454
4,Gorkha,M,P,83.75,79.75,72,473
4,Gorkha,F,P,52.5,79.1,71,525
4,Gorkha,F,P,78.5,69.75,70,602
0,Gorkha,F,P,86.25,69.5,70,603
0,Gorkha,M,P,80,69,69,660
4,Gorkha,M,P,81.25,77.25,68,698
4,Gorkha,F,Null,77.5,77.25,67,766
4,Gorkha,F,P,90,74.75,67,771
0,Gorkha,M,G,71.25,71.75,66,842
4,Gorkha,M,P,82.5,69,66,850
4,Gorkha,F,P,77.5,64,66,868
4,Gorkha,F,Null,80,76.5,64,979
4,Gorkha,F,P,75,70.75,64,990
4,Gorkha,F,P,75,69.75,64,994
4,Gorkha,F,P,63.75,66,64,1010
4,Gorkha,F,G,63.75,61.5,64,1026
0,Gorkha,F,P,81.25,69,63,1062
4,Gorkha,M,P,76.25,64.75,63,1082
4,Gorkha,F,P,67.5,60.75,63,1101
4,Gorkha,F,P,73.75,60.5,63,1102
0,Gorkha,F,P,87.5,79,62,1118
4,Gorkha,F,P,82.5,66.5,62,1153
4,Gorkha,M,O,80,70.75,61,1215
0,Gorkha,F,P,70,72.25,60,1289
0,Gulmi,M,P,88.75,82.25,99,4
5,Gulmi,F,P,90,75.75,84,107
5,Gulmi,M,O,81.25,82.25,80,192
5,Gulmi,M,G,76.25,71.25,78,262
5,Gulmi,M,G,80,65.75,78,265
5,Gulmi,M,G,77.5,71.5,76,316
5,Gulmi,F,G,71.25,63.25,72,509
5,Gulmi,M,Null,70,70.75,71,545
5,Gulmi,F,G,81.25,77.25,70,585
5,Gulmi,M,G,78.5,69,69,662
0,Gulmi,F,P,73.75,66.5,69,672
5,Gulmi,M,G,68.75,58,68,752
5,Gulmi,F,G,81.25,78.25,67,765
5,Gulmi,F,P,77.5,68.25,67,799
5,Gulmi,F,G,71.25,67,66,858
5,Gulmi,M,P,60,58,66,888
5,Gulmi,M,G,67.5,57,66,890
5,Gulmi,M,O,73.75,70.75,65,920
5,Gulmi,M,G,70,69,65,929
5,Gulmi,F,P,83.75,81.5,64,970
5,Gulmi,F,P,82.5,79,63,1045
5,Gulmi,M,P,77.5,68.25,63,1068
5,Gulmi,F,P,80,73.25,62,1127
5,Gulmi,F,O,81.25,74,61,1208
5,Gulmi,F,P,76.25,64.75,61,1229
5,Gulmi,F,P,76.25,66.75,60,1311
6,Humla,M,G,62.5,77.51,60,1279
6,Humla,F,P,70,77.29,60,1280
1,Ilam,M,G,76.25,74.75,80,199
1,Ilam,F,P,82.5,78.25,76,306
1,Ilam,F,P,78.5,76.5,75,346
1,Ilam,F,P,62.5,60.75,73,467
1,Ilam,M,P,75,68.25,72,498
1,Ilam,M,P,68.75,62,72,512
1,Ilam,M,P,82,62.75,69,682
1,Ilam,F,Null,68.25,72.25,68,711
1,Ilam,F,G,72.5,74,67,778
1,Ilam,M,G,75.5,66.4,66,861
1,Ilam,M,P,67.5,60.25,65,962
0,Jajarkot,M,P,78.5,68.25,78,264
0,Jajarkot,M,P,70,70.75,60,1294
1,Jhapa,M,P,72.5,81.5,100,3
1,Jhapa,F,P,78.5,78.25,89,43
1,Jhapa,F,P,80,79,88,51
1,Jhapa,F,P,72.5,78.25,80,197
1,Jhapa,F,G,76.25,64.25,80,212
1,Jhapa,M,P,85,70.5,77,286
1,Jhapa,F,G,77.5,66.5,76,329
1,Jhapa,F,P,72.5,65.75,75,373
1,Jhapa,M,P,85,75.75,74,389
0,Jhapa,F,G,86.25,77.25,73,431
1,Jhapa,F,P,78.5,59.25,73,468
1,Jhapa,F,P,83.75,72.75,72,487
1,Jhapa,F,P,81.25,69.75,72,493
1,Jhapa,F,G,67.5,67,72,501
1,Jhapa,M,P,81.25,65.25,72,502
1,Jhapa,F,P,80,61.75,72,513
1,Jhapa,F,P,71.25,59.5,72,517
1,Jhapa,M,P,83.75,75.75,71,532
1,Jhapa,F,P,76.25,73.75,71,537
1,Jhapa,F,P,78.5,67,71,550
1,Jhapa,F,P,83.75,67,70,609
1,Jhapa,M,P,68.75,53,70,630
1,Jhapa,F,P,81.25,81.5,68,693
1,Jhapa,M,P,77.5,67.25,68,726
1,Jhapa,F,P,75,63.25,68,740
1,Jhapa,M,P,83.75,61.5,68,744
1,Jhapa,M,G,68.75,82.04,67,759
1,Jhapa,M,G,73.75,61.5,67,821
1,Jhapa,M,P,75,70.5,66,847
1,Jhapa,M,P,71.25,63.5,66,873
1,Jhapa,F,P,80,60.75,66,884
1,Jhapa,M,P,71.25,77.88,65,899
1,Jhapa,F,P,81.25,68.5,65,932
1,Jhapa,F,P,81.25,79.75,64,972
1,Jhapa,M,P,70,75.32,64,982
1,Jhapa,F,P,76.25,67,64,1004
1,Jhapa,M,P,70,63.5,64,1020
1,Jhapa,F,P,83.75,62.75,64,1021
1,Jhapa,F,P,75,54.75,64,1035
1,Jhapa,F,P,71.25,68.75,63,1064
1,Jhapa,F,P,78.5,67,63,1074
1,Jhapa,F,P,81.25,65.75,63,1077
1,Jhapa,F,P,82.5,58.5,60,1348
6,Jumla,M,Null,76.25,80.75,84,98
6,Jumla,M,P,75,67.25,76,327
0,Jumla,F,P,77.5,74.75,70,588
7,Kailali,F,P,78.5,77.25,86,75
7,Kailali,M,G,75,74.75,82,152
7,Kailali,F,G,73.75,66,80,210
7,Kailali,M,P,71.25,72,78,258
7,Kailali,M,P,82.5,74.5,76,313
7,Kailali,M,O,63.75,67,76,328
7,Kailali,F,P,76.25,68.25,72,497
7,Kailali,M,P,70,69,70,605
7,Kailali,F,G,57.5,63.25,70,620
7,Kailali,M,P,72.5,61.5,68,745
7,Kailali,F,P,78.5,74,67,775
7,Kailali,F,P,78.5,64.75,66,864
7,Kailali,M,P,75,74,65,908
7,Kailali,M,P,61.25,69.55,65,925
7,Kailali,M,P,68.75,61.75,64,1024
7,Kailali,M,P,57.5,59.25,63,1105
7,Kailali,F,G,62.5,54,63,1114
7,Kailali,F,G,68.75,53.5,63,1115
7,Kailali,F,P,60,72.25,62,1128
0,Kailali,M,P,80,63,62,1178
7,Kailali,F,G,67.5,56.5,62,1193
7,Kailali,F,P,68.75,55.75,62,1195
7,Kailali,M,G,60,52.75,62,1199
7,Kailali,F,G,51.25,73.63,61,1209
7,Kailali,F,P,61.25,59.5,61,1262
7,Kailali,M,P,62.5,56.75,61,1268
7,Kailali,F,P,73.75,66.25,60,1319
7,Kailali,M,Null,61.25,54,60,1358
7,Kailali,F,P,57.5,50.5,60,1360
6,Kalikot,M,P,81.25,74,91,35
6,Kalikot,M,G,63.75,61,69,685
6,Kalikot,M,P,83.75,79,67,763
0,Kalikot,F,G,76.25,62.25,67,817
6,Kalikot,M,P,81.25,76.25,65,904
6,Kalikot,F,G,77.5,59.75,65,963
7,Kanchanpur,M,P,80,73.75,85,89
7,Kanchanpur,M,G,68.75,65.75,82,163
7,Kanchanpur,M,G,62.5,68.5,76,325
7,Kanchanpur,F,P,68.75,62.25,74,412
7,Kanchanpur,M,P,75,71.5,69,646
7,Kanchanpur,M,P,72.5,66.25,69,673
7,Kanchanpur,M,P,66.25,62,68,741
7,Kanchanpur,F,P,83.75,70.75,67,792
7,Kanchanpur,M,G,63.75,63,65,954
7,Kanchanpur,M,P,60,79,64,974
7,Kanchanpur,M,P,80,78.5,64,975
7,Kanchanpur,F,Null,66.25,58.75,64,1030
7,Kanchanpur,F,O,71.25,83.65,61,1201
7,Kanchanpur,F,P,77.5,66.75,61,1222
7,Kanchanpur,M,P,73.75,64.5,61,1233
7,Kanchanpur,F,P,66.25,67.25,60,1309
7,Kanchanpur,M,P,75,66.25,60,1318
5,Kapilvastu,M,P,77.5,72.25,82,157
5,Kapilvastu,F,P,81.25,74,81,179
5,Kapilvastu,F,P,71.25,67.25,79,239
5,Kapilvastu,F,G,76.25,65.75,79,241
5,Kapilvastu,M,G,71.25,62.25,77,297
5,Kapilvastu,M,G,87.5,79,75,340
5,Kapilvastu,M,G,73.75,86.43,73,424
0,Kapilvastu,F,P,86.25,79,73,426
5,Kapilvastu,F,G,86.25,77,73,432
5,Kapilvastu,M,P,81.25,71.5,73,443
5,Kapilvastu,M,P,72.5,65.5,73,455
5,Kapilvastu,F,G,85,70.5,70,601
5,Kapilvastu,F,G,80,69,69,661
5,Kapilvastu,M,P,77.5,69,69,664
5,Kapilvastu,F,P,82.5,69,68,720
5,Kapilvastu,F,P,85,60.75,68,747
5,Kapilvastu,M,P,85,75.25,67,770
5,Kapilvastu,F,P,76.25,64,67,812
5,Kapilvastu,M,P,63.75,56.5,67,828
5,Kapilvastu,M,P,78.5,69.75,66,848
5,Kapilvastu,F,P,72.5,68.25,66,856
5,Kapilvastu,F,G,68.75,58.5,65,966
5,Kapilvastu,M,P,71.25,58.5,64,1031
5,Kapilvastu,M,P,63.75,53.25,64,1038
5,Kapilvastu,M,Null,72.5,71.5,63,1057
5,Kapilvastu,M,P,71.25,67.25,63,1072
5,Kapilvastu,M,P,81.25,69,62,1141
5,Kapilvastu,F,P,85,64.75,61,1228
5,Kapilvastu,F,P,77.5,64,61,1236
5,Kapilvastu,M,P,77.5,78.25,60,1278
5,Kapilvastu,M,P,62.5,60.25,60,1340
4,Kaski,F,P,80,75.75,97,11
4,Kaski,F,P,87.5,85.75,94,16
4,Kaski,F,G,85,80.5,88,47
4,Kaski,M,G,83.75,76.25,88,53
4,Kaski,F,P,80,74,87,65
4,Kaski,M,P,83.75,75.25,86,80
4,Kaski,F,G,87.5,73.25,86,82
4,Kaski,M,G,86.25,78.25,85,87
4,Kaski,F,P,82.5,76.5,84,106
4,Kaski,F,G,86.25,75.75,83,123
4,Kaski,F,G,85,70.75,83,131
4,Kaski,F,G,81.25,70.75,83,132
4,Kaski,F,P,86.25,79.5,82,145
4,Kaski,M,P,80,72.25,82,155
4,Kaski,M,P,80,68.75,80,209
4,Kaski,F,P,81.25,69.75,79,232
4,Kaski,M,P,83.75,76,75,347
4,Kaski,F,G,87.5,81.5,74,380
4,Kaski,F,G,76.25,69,74,405
4,Kaski,F,P,76.25,73.5,73,439
4,Kaski,F,G,87.5,70.25,73,447
4,Kaski,M,G,83.75,69.75,73,448
4,Kaski,F,G,81.25,66.25,73,453
4,Kaski,M,G,77.5,63,73,460
4,Kaski,F,P,76.25,61.5,73,463
4,Kaski,F,G,76.25,74.5,72,477
4,Kaski,F,P,87.5,66.5,71,551
4,Kaski,F,G,82.5,66.5,71,552
4,Kaski,M,P,70,66,71,554
4,Kaski,M,G,73.75,60.75,71,572
4,Kaski,F,P,87.5,85.75,70,577
4,Kaski,F,G,77.5,73,69,641
4,Kaski,M,G,68.75,59.25,69,690
4,Kaski,F,P,90,80.75,68,694
4,Kaski,F,P,85,70.75,68,714
4,Kaski,F,P,78.5,66.75,68,728
4,Kaski,F,P,80,64,68,734
4,Kaski,F,P,81.25,76.5,67,768
4,Kaski,F,P,77.5,70.25,67,794
4,Kaski,F,P,78.5,69.25,67,797
4,Kaski,F,P,80,64.75,67,804
4,Kaski,M,P,68.75,53.25,67,831
4,Kaski,M,P,86.25,71,66,845
4,Kaski,M,G,75,66.5,66,859
4,Kaski,M,Null,75,63.25,66,876
4,Kaski,F,P,85,76.5,65,902
4,Kaski,F,G,77.5,65.5,65,945
4,Kaski,M,P,75,61.75,65,958
4,Kaski,M,G,75,72.75,64,986
4,Kaski,F,G,82.5,72.25,63,1051
4,Kaski,F,P,80,72.25,63,1054
4,Kaski,F,P,80,71,63,1058
4,Kaski,F,O,80,64,63,1087
4,Kaski,F,P,77.5,64,63,1090
4,Kaski,M,G,76.25,62.75,63,1093
4,Kaski,M,G,70,59.5,63,1103
4,Kaski,M,P,80,59.25,63,1104
4,Kaski,M,P,82.5,69.75,62,1136
4,Kaski,F,P,81.25,69.75,62,1137
0,Kaski,F,P,70,69,62,1142
4,Kaski,F,P,85,68.25,62,1144
4,Kaski,M,P,72.5,63.75,61,1237
4,Kaski,F,P,76.25,60.5,61,1255
4,Kaski,M,G,71.25,62.25,60,1334
4,Kaski,F,P,77.5,56.75,60,1353
4,Kaski,F,P,71.25,54.75,60,1357
3,Kathmandu,F,P,81.25,63.5,77,295
3,Kathmandu,M,P,83.75,64.75,74,408
3,Kathmandu,F,P,65,64,67,813
3,Kathmandu,F,P,62.5,61.25,66,880
3,Kathmandu,F,P,77.5,63.75,64,1019
3,Kathmandu,F,P,81.25,64.5,63,1084
3,Kathmandu,F,P,82.5,69.75,60,1296
3,Kavrepalanchok,F,G,78.5,66.5,75,370
3,Kavrepalanchok,F,G,81.25,76.5,68,699
3,Kavrepalanchok,F,P,83.75,67,68,727
3,Kavrepalanchok,M,P,75,64.75,67,806
3,Kavrepalanchok,F,P,82.5,72.25,63,1052
3,Kavrepalanchok,F,G,84,70.75,62,1133
3,Kavrepalanchok,F,P,76.25,71.75,61,1212
1,Khotang,M,P,80,71.5,74,394
1,Khotang,F,P,82.5,70.75,73,445
1,Khotang,M,G,65,58.25,73,470
1,Khotang,F,G,76.5,76.55,61,1204
3,Lalitpur,F,P,81.25,67,69,670
3,Lalitpur,F,P,83.75,74.5,67,774
3,Lalitpur,F,P,81.25,70.75,67,793
3,Lalitpur,F,P,73.75,67,65,939
3,Lalitpur,F,P,87.5,70.25,62,1134
3,Lalitpur,M,P,83.75,77.25,61,1202
0,Lamjung,F,G,82.5,74.75,87,63
4,Lamjung,M,G,77.5,76.5,85,88
4,Lamjung,F,G,82.5,78.25,84,101
4,Lamjung,F,P,87.5,73.25,84,111
4,Lamjung,F,G,67.5,71.5,83,130
0,Lamjung,M,P,80,74.75,82,151
0,Lamjung,F,G,76.25,63.25,78,267
4,Lamjung,F,G,80,62.25,77,296
4,Lamjung,F,G,78.5,69.5,76,322
4,Lamjung,M,G,71.25,59,76,336
0,Lamjung,M,P,77.5,69.75,74,402
4,Lamjung,F,G,77.5,61,74,414
4,Lamjung,F,G,73.75,75.75,73,435
4,Lamjung,F,P,81.25,70.75,71,543
4,Lamjung,M,G,68.75,65.5,70,617
4,Lamjung,F,G,65,61.5,70,623
4,Lamjung,F,P,85,64,69,678
0,Lamjung,F,G,66.25,64,69,680
4,Lamjung,F,P,81.25,62.75,69,683
4,Lamjung,M,P,76.25,71.5,68,713
4,Lamjung,F,G,81.25,69.75,68,717
4,Lamjung,M,P,80,80.75,67,761
4,Lamjung,F,P,83.75,73.25,66,837
4,Lamjung,M,Null,80,75.75,65,905
4,Lamjung,F,P,78.5,69,65,928
4,Lamjung,F,G,65,68.25,65,934
4,Lamjung,M,P,85,73.25,64,984
4,Lamjung,F,P,75,69,64,996
4,Lamjung,F,G,76.25,64.25,64,1016
4,Lamjung,F,P,83.75,58,63,1107
4,Lamjung,F,G,70,72,62,1129
4,Lamjung,F,P,75,68.25,62,1146
4,Lamjung,M,G,67.5,64,62,1167
0,Lamjung,M,G,68.75,59.75,62,1185
4,Lamjung,F,P,73.75,59.5,62,1186
4,Lamjung,M,G,68.75,69,61,1219
4,Lamjung,F,Null,76.25,65.25,61,1227
4,Lamjung,F,G,68.75,64.75,61,1231
4,Lamjung,F,G,66.25,52.25,61,1271
4,Lamjung,M,P,77.5,72.25,60,1287
4,Lamjung,F,P,73.75,64.75,60,1325
2,Mahottari,M,G,72.5,60.75,86,85
2,Mahottari,M,G,63.75,60.5,84,119
2,Mahottari,F,P,81.25,78.25,79,223
2,Mahottari,M,G,77.5,61.5,78,269
2,Mahottari,M,P,81.25,57.25,76,337
2,Mahottari,M,P,72.5,61.5,73,464
2,Mahottari,M,G,71.25,52.25,72,522
2,Mahottari,M,G,75,64,69,679
2,Mahottari,M,P,78.5,74.75,67,773
2,Mahottari,F,G,75,59,67,824
2,Mahottari,M,G,75,67.75,61,1220
2,Mahottari,F,P,65.88,75.8,60,1282
2,Mahottari,F,Null,85,66.5,60,1314
2,Mahottari,F,P,78.5,65.5,60,1323
3,Makwanpur,M,P,85,78.25,87,60
3,Makwanpur,F,P,75,65.25,83,134
3,Makwanpur,M,G,77.5,68,79,236
3,Makwanpur,M,P,76.25,70.75,74,397
3,Makwanpur,F,P,71.25,69.75,69,657
3,Makwanpur,F,P,80,60.75,69,686
3,Makwanpur,M,P,71.25,69,68,721
3,Makwanpur,M,P,73.75,62.25,67,818
3,Makwanpur,M,P,76.25,64.75,66,866
3,Makwanpur,F,P,72.5,65.75,65,943
3,Makwanpur,F,G,73.75,58,64,1032
3,Makwanpur,F,Null,65,63.75,63,1091
3,Makwanpur,F,P,68.75,53.75,62,1196
3,Makwanpur,F,P,67.5,55.75,60,1356
1,Morang,M,G,70,61.25,85,94
1,Morang,M,G,72.5,60.75,84,118
1,Morang,F,G,72.5,65.75,80,211
1,Morang,M,P,81.25,78.75,79,221
1,Morang,M,G,86,75.75,78,252
1,Morang,F,P,81.25,70.5,76,319
1,Morang,M,P,82.5,62,72,511
1,Morang,F,P,71.25,78,71,528
1,Morang,F,P,75,65.75,71,558
1,Morang,F,P,83.75,77.25,70,583
1,Morang,M,G,83.75,70.5,69,651
1,Morang,F,G,77.5,68.75,68,722
1,Morang,M,G,70,72.25,67,787
1,Morang,F,P,81.25,68.75,65,931
1,Morang,F,P,76.75,67.7,65,935
1,Morang,F,P,83.75,66,65,942
1,Morang,F,Null,51.25,75.25,64,983
1,Morang,F,P,83.75,67.25,64,1001
1,Morang,F,P,85,68,63,1069
1,Morang,M,G,77.5,62.25,63,1096
1,Morang,F,P,67.5,68.25,62,1149
1,Morang,F,G,76.25,64,62,1163
1,Morang,F,G,67.5,62,62,1180
1,Morang,F,P,77.5,71.5,61,1214
1,Morang,M,P,80,66.25,61,1226
1,Morang,F,P,78.5,62,61,1244
1,Morang,F,P,85,69,60,1297
4,Mustang,F,G,87,66.5,64,1006
4,Mustang,M,G,81,81.14,63,1043
4,Myagdi,F,P,80,59,73,469
4,Myagdi,F,P,78.5,63.25,66,874
4,Myagdi,F,P,65,53.25,62,1198
4,Nawalparasi,M,G,81.25,82.25,95,13
4,Nawalparasi,M,G,81.25,78.25,95,14
4,Nawalparasi,M,G,72.5,77.25,94,22
5,Nawalparasi,M,P,80,71.5,92,33
5,Nawalparasi,F,P,85,79.75,91,34
4,Nawalparasi,F,G,85,74,90,39
4,Nawalparasi,F,P,88.75,82.25,89,40
4,Nawalparasi,F,P,85,78.25,88,52
4,Nawalparasi,M,P,83.75,80.75,87,59
5,Nawalparasi,F,P,86.25,83.25,86,69
4,Nawalparasi,M,G,86.25,80.75,86,71
5,Nawalparasi,M,G,77.5,62.25,85,93
4,Nawalparasi,M,P,77.5,69,84,113
4,Nawalparasi,M,G,87.5,83.25,82,140
4,Nawalparasi,F,G,85,80.75,82,143
5,Nawalparasi,F,P,78.5,72.25,82,156
4,Nawalparasi,M,P,82.5,78.25,81,172
4,Nawalparasi,F,G,83.75,70.75,81,180
5,Nawalparasi,M,G,80,62.75,81,186
4,Nawalparasi,F,P,88.75,64.75,80,193
5,Nawalparasi,F,P,81.25,74.25,80,200
5,Nawalparasi,M,P,80,79,79,220
4,Nawalparasi,F,P,85,78.25,78,249
5,Nawalparasi,M,P,81.25,77.25,77,275
4,Nawalparasi,F,Null,81.25,77.25,77,276
4,Nawalparasi,F,P,82.5,74.75,77,281
4,Nawalparasi,F,G,82.5,71.5,77,282
4,Nawalparasi,M,P,76.25,67.25,77,290
5,Nawalparasi,M,P,86.25,78.25,75,342
4,Nawalparasi,F,P,86.25,74.75,75,353
5,Nawalparasi,F,P,81.25,71.5,75,359
5,Nawalparasi,F,P,68.75,67.25,75,369
4,Nawalparasi,F,G,76.25,66.5,75,371
5,Nawalparasi,F,P,78.5,69,74,404
4,Nawalparasi,M,G,83.75,75.75,73,433
5,Nawalparasi,F,P,80,69.75,73,449
4,Nawalparasi,F,G,76.25,69,73,451
4,Nawalparasi,F,G,85,74,72,480
5,Nawalparasi,F,P,73.75,69,72,495
4,Nawalparasi,F,G,81.25,60.75,72,516
5,Nawalparasi,M,P,78.5,58.25,72,519
4,Nawalparasi,F,G,70,58,72,520
4,Nawalparasi,M,P,83.75,70.75,71,542
4,Nawalparasi,M,Null,77.5,70.75,71,544
5,Nawalparasi,F,P,81.25,69.75,71,546
4,Nawalparasi,F,G,85,67.25,71,549
5,Nawalparasi,F,P,75,65.75,71,557
5,Nawalparasi,F,P,83.75,79,70,578
5,Nawalparasi,F,P,83.75,78.25,70,580
5,Nawalparasi,F,P,85,75.75,70,586
4,Nawalparasi,F,G,81.25,72.25,70,594
4,Nawalparasi,M,P,83.75,70.75,70,598
5,Nawalparasi,F,P,77.5,69,70,604
4,Nawalparasi,F,G,77.5,67.25,70,608
4,Nawalparasi,F,P,82.5,76.5,69,636
5,Nawalparasi,F,P,75,68,69,669
4,Nawalparasi,F,G,77.5,60.75,69,687
5,Nawalparasi,F,P,85,77.25,68,697
4,Nawalparasi,F,G,80,74.75,68,700
5,Nawalparasi,M,G,78.5,72.25,68,709
4,Nawalparasi,F,P,83.75,70.75,68,715
4,Nawalparasi,F,P,81.25,69.75,68,718
5,Nawalparasi,F,P,81.25,65.75,68,732
5,Nawalparasi,F,P,75,59.75,68,750
4,Nawalparasi,F,P,73.75,59,68,751
5,Nawalparasi,F,P,82.5,71.5,67,788
5,Nawalparasi,F,P,80,69.75,67,795
4,Nawalparasi,F,P,81.25,69.5,67,796
4,Nawalparasi,F,G,72.5,67.25,67,802
5,Nawalparasi,F,P,78.5,62.25,67,815
4,Nawalparasi,F,G,77,61.5,67,820
4,Nawalparasi,F,G,66.25,56.5,67,827
4,Nawalparasi,F,G,80,69,66,853
5,Nawalparasi,M,P,81.25,64.75,66,863
4,Nawalparasi,F,G,78.5,78.25,65,898
4,Nawalparasi,F,G,78.5,73.25,65,909
4,Nawalparasi,F,G,83.75,72.25,65,911
5,Nawalparasi,F,P,78.5,70.5,65,921
0,Nawalparasi,F,P,63.75,66.5,65,941
5,Nawalparasi,F,G,81.25,64.5,65,947
5,Nawalparasi,F,P,81.25,64,65,951
5,Nawalparasi,F,P,71.25,61.5,65,959
4,Nawalparasi,F,P,73.75,59,65,964
4,Nawalparasi,F,P,73.75,54.75,65,968
5,Nawalparasi,M,P,80,72.5,64,987
5,Nawalparasi,F,P,76.25,69.75,64,993
5,Nawalparasi,M,P,76.25,68.25,64,998
5,Nawalparasi,F,P,73.75,67.25,64,1003
4,Nawalparasi,F,P,73.75,66.5,64,1008
5,Nawalparasi,F,P,76.25,66,64,1009
4,Nawalparasi,F,P,78.5,64.75,64,1014
5,Nawalparasi,M,P,73.75,64,64,1017
5,Nawalparasi,F,P,73.75,61.5,64,1025
4,Nawalparasi,F,P,82.5,73.25,63,1049
4,Nawalparasi,F,P,82.5,68.25,63,1065
4,Nawalparasi,M,G,81.25,68.25,63,1066
4,Nawalparasi,M,G,80,67,63,1073
5,Nawalparasi,M,P,72.5,61,63,1099
4,Nawalparasi,F,G,61.25,54.25,63,1113
5,Nawalparasi,F,P,82.5,76.25,62,1119
4,Nawalparasi,F,P,77.5,71.5,62,1131
5,Nawalparasi,M,P,80,68.25,62,1145
4,Nawalparasi,F,P,70,64,62,1166
4,Nawalparasi,F,P,73.75,60.75,62,1181
4,Nawalparasi,M,P,72.5,59,62,1189
5,Nawalparasi,F,P,76.25,57.25,62,1191
5,Nawalparasi,F,P,80,64,61,1235
4,Nawalparasi,F,G,68.75,61.5,61,1247
4,Nawalparasi,F,G,68.75,60.75,61,1253
4,Nawalparasi,M,G,78.5,59.75,61,1261
4,Nawalparasi,F,P,72.5,54.75,61,1269
4,Nawalparasi,F,G,84,69.75,60,1295
5,Nawalparasi,F,P,68.75,67.25,60,1308
4,Nawalparasi,F,G,77.5,66.5,60,1316
5,Nawalparasi,F,P,78.5,66.25,60,1317
5,Nawalparasi,M,G,82,59.25,60,1345
3,Nuwakot,M,O,81.25,80.5,82,144
3,Nuwakot,F,P,75,61.5,66,879
3,Nuwakot,M,P,73.75,61,66,882
3,Nuwakot,F,G,73.75,64,62,1164
1,Okhaldhunga,M,O,78,73.25,88,56
1,Okhaldhunga,F,P,78.5,55.5,63,1111
1,Okhaldhunga,F,G,73.75,72.75,61,1210
5,Palpa,M,P,78.5,74,94,23
5,Palpa,M,P,77.5,77.75,93,25
5,Palpa,F,P,80,74,86,81
5,Palpa,M,G,83.75,74.75,80,198
4,Palpa,F,G,85,74.75,79,226
5,Palpa,F,P,70,64.5,79,242
5,Palpa,F,P,81.25,80.75,77,271
5,Palpa,F,G,82.5,69.75,75,364
5,Palpa,F,P,80,61.5,74,413
5,Palpa,F,G,75,75.75,73,434
5,Palpa,F,P,73.75,71.5,72,489
5,Palpa,F,P,75,63.25,72,508
5,Palpa,M,G,68.75,69.75,69,658
5,Palpa,F,G,70,64.75,68,733
5,Palpa,F,P,86.25,71.5,65,914
5,Palpa,F,P,76.25,71.5,65,916
5,Palpa,M,G,80,69.75,65,922
5,Palpa,F,P,75,69.75,65,924
5,Palpa,F,Null,54.25,67.53,65,936
5,Palpa,M,P,75,64.25,65,950
5,Palpa,M,G,81.25,79,64,973
5,Palpa,F,G,63.75,64,64,1018
5,Palpa,F,P,86,60.75,63,1100
5,Palpa,M,G,82.5,75.25,62,1123
5,Palpa,F,G,71.25,56.25,62,1194
5,Palpa,F,P,78.5,66.5,61,1225
5,Palpa,F,Null,70,63.25,61,1238
5,Palpa,M,Null,80,60.25,61,1257
5,Palpa,F,G,60.5,72.08,60,1290
5,Palpa,F,O,65,63.75,60,1328
5,Palpa,F,P,77.5,57,60,1351
4,Parbat,F,G,82.5,74.75,90,38
4,Parbat,F,G,85,80.75,87,58
4,Parbat,M,P,83.75,79.75,85,86
4,Parbat,M,P,83.75,75.75,83,124
4,Parbat,M,G,78.5,74.75,83,125
4,Parbat,M,P,72.5,60.75,83,138
4,Parbat,F,G,83.75,78.75,82,147
4,Parbat,M,Null,80,80.75,81,169
4,Parbat,F,P,86.25,77.25,81,174
0,Parbat,M,P,65,67.25,79,240
4,Parbat,M,G,75,62.25,78,268
4,Parbat,F,P,81.25,77.25,77,274
4,Parbat,F,P,81.25,64.5,77,294
4,Parbat,F,G,87.5,82.25,75,339
4,Parbat,F,P,88.75,75.75,75,348
4,Parbat,M,G,82.5,70.75,75,361
4,Parbat,F,P,88.75,81,74,381
4,Parbat,F,G,82.5,69.75,74,400
4,Parbat,F,P,90,82.25,73,425
4,Parbat,F,G,83.75,63.25,72,507
4,Parbat,M,P,80,59,72,518
4,Parbat,M,O,83.75,71.5,69,645
4,Parbat,F,G,78.5,63.25,68,738
4,Parbat,F,G,85,78.75,67,764
4,Parbat,M,G,75,57.5,67,826
4,Parbat,F,P,81.25,73.25,66,838
4,Parbat,M,P,81.25,60.25,66,885
4,Parbat,F,P,87.5,78.25,65,896
4,Parbat,M,P,86.25,77.25,65,900
4,Parbat,F,O,75,61,65,961
4,Parbat,F,Null,60,80.39,64,971
4,Parbat,F,P,70,68.25,64,999
0,Parbat,F,P,82.5,66.5,64,1007
4,Parbat,F,G,78.5,66.5,63,1075
4,Parbat,M,G,75,65.25,63,1081
4,Parbat,F,Null,81.25,71.5,62,1130
4,Parbat,M,G,72.5,68.25,62,1147
4,Parbat,F,Null,70,63.25,62,1177
4,Parbat,M,G,76.25,58.75,62,1190
4,Parbat,F,G,85,74,61,1206
4,Parbat,M,Null,74,60.25,61,1259
4,Parbat,F,P,87.5,67.25,60,1305
4,Parbat,F,G,75,60.5,60,1338
2,Parsa,F,G,81.25,80.75,78,247
2,Parsa,F,P,87.5,83.25,76,303
2,Parsa,M,G,72.5,75.75,76,312
0,Parsa,F,P,83.75,76.5,75,344
2,Parsa,M,G,78.5,63.75,74,410
2,Parsa,F,P,81.25,68.25,60,1302
2,Parsa,M,P,67.5,63,60,1331
2,Parsa,M,P,63.75,52.25,60,1359
5,Pyuthan,M,G,81,58.75,81,189
5,Pyuthan,M,P,80,71.25,78,261
5,Pyuthan,F,P,82.5,73.75,71,536
5,Pyuthan,F,G,62.5,53.25,70,629
5,Pyuthan,M,P,71.25,69,69,666
5,Pyuthan,F,P,78.5,74.75,68,701
5,Pyuthan,M,P,72.5,66.5,68,730
5,Pyuthan,F,P,70,65.75,64,1013
5,Pyuthan,F,P,78.5,64,63,1089
5,Pyuthan,M,P,81.25,67.75,62,1151
5,Pyuthan,F,Null,70,64.5,62,1161
5,Pyuthan,F,P,82.5,64,62,1162
5,Pyuthan,F,P,71.25,63.25,62,1176
5,Pyuthan,F,G,66.25,61.25,60,1337
5,Pyuthan,F,P,76.25,59,60,1346
3,Ramechhap,F,P,87.5,74,72,479
3,Ramechhap,F,P,80,83.8,65,894
3,Ramechhap,F,P,77.5,66.25,62,1155
3,Ramechhap,F,P,70,58.75,61,1265
3,Ramechhap,M,P,73.75,67.75,60,1304
3,Rasuwa,F,P,77.5,66.5,70,612
3,Rasuwa,M,G,65,60.75,68,748
2,Rautahat,M,P,82.5,74,75,356
0,Rautahat,M,G,75,79.75,74,384
2,Rautahat,F,P,80,63.25,71,568
2,Rautahat,M,P,77.5,78.25,70,582
2,Rautahat,M,P,80,78.25,69,634
2,Rautahat,F,G,77.5,74,67,776
2,Rautahat,M,Null,62.5,55.5,67,830
2,Rautahat,M,P,76.25,63.5,66,872
2,Rautahat,M,G,68.75,63.75,62,1171
2,Rautahat,M,P,83.75,66.5,61,1224
0,Rolpa,M,P,87.5,69,76,324
5,Rolpa,F,P,85,71,73,444
6,Rukum West,M,G,72.5,77.25,84,104
6,Rukum West,M,G,80,60.75,75,377
6,Rukum West,M,G,71.25,74,72,483
6,Rukum West,M,G,67.5,63.75,65,952
5,Rupandehi,F,P,83.75,75.75,93,26
5,Rupandehi,F,P,81.25,79,89,41
5,Rupandehi,M,P,85,74.5,87,64
5,Rupandehi,M,P,86.25,82.25,86,70
5,Rupandehi,F,P,81.25,76.5,86,77
5,Rupandehi,F,P,85,73.25,86,83
5,Rupandehi,M,P,86.25,82.25,84,96
5,Rupandehi,M,G,83.75,78.25,84,100
5,Rupandehi,F,P,78.5,72.25,83,129
5,Rupandehi,F,P,82.5,78.25,82,148
5,Rupandehi,F,G,80,68.25,81,184
5,Rupandehi,F,P,80,72.25,80,203
5,Rupandehi,F,P,78.5,80.75,79,218
5,Rupandehi,F,P,85,78.25,77,273
5,Rupandehi,M,P,71.88,58.5,77,301
5,Rupandehi,M,P,78.5,62.25,76,333
5,Rupandehi,F,P,85,74,75,355
5,Rupandehi,F,P,81.25,69.75,75,365
5,Rupandehi,M,P,66.25,64.75,75,375
5,Rupandehi,F,P,76.25,72.25,74,392
5,Rupandehi,M,P,85,73.25,72,485
5,Rupandehi,F,G,80,68.5,72,496
5,Rupandehi,F,P,70,68.25,72,499
5,Rupandehi,F,G,76.25,57.25,72,521
5,Rupandehi,F,P,78.5,65.75,71,556
5,Rupandehi,M,G,67.5,65.75,71,559
5,Rupandehi,M,G,78.5,70.75,70,599
5,Rupandehi,F,G,75,65.75,70,615
5,Rupandehi,F,P,78.5,59,70,627
5,Rupandehi,F,P,86.25,79.75,69,632
5,Rupandehi,M,P,83.75,72.25,69,642
5,Rupandehi,F,P,73.75,59,69,691
5,Rupandehi,F,G,67.5,59,69,692
5,Rupandehi,F,P,85,74,68,702
5,Rupandehi,M,P,76.25,68.25,68,724
5,Rupandehi,F,P,80,80.75,67,762
5,Rupandehi,F,G,76.25,74,67,777
5,Rupandehi,M,P,81.25,67.25,67,801
5,Rupandehi,M,G,77.5,64.5,67,809
0,Rupandehi,F,O,85.8,64,67,811
5,Rupandehi,F,G,80,73.25,66,839
5,Rupandehi,M,G,67.5,69,66,854
5,Rupandehi,F,P,80,68.75,66,855
5,Rupandehi,F,G,66.25,63.25,66,877
5,Rupandehi,F,P,80,71.5,65,915
5,Rupandehi,F,G,77.5,69.5,65,926
5,Rupandehi,M,G,66.25,67.25,65,938
5,Rupandehi,F,G,83,62,65,956
5,Rupandehi,M,P,71.25,61.5,65,960
5,Rupandehi,F,P,82.5,75.75,64,980
5,Rupandehi,F,P,82.5,69,64,995
5,Rupandehi,F,P,77.5,68.25,64,997
5,Rupandehi,M,P,78.5,78.25,63,1046
5,Rupandehi,M,P,86.25,71.5,63,1056
5,Rupandehi,F,P,81.25,69.75,63,1060
5,Rupandehi,M,Null,68.75,64.5,63,1085
5,Rupandehi,F,P,80,64,63,1088
5,Rupandehi,F,P,71.25,75.75,62,1121
5,Rupandehi,F,G,77.5,65.75,62,1158
5,Rupandehi,F,P,77.5,76.5,61,1205
5,Rupandehi,M,P,80,72.25,61,1211
5,Rupandehi,M,P,71.25,70.75,61,1217
5,Rupandehi,M,P,67.5,61,61,1249
5,Rupandehi,F,G,76.25,60.25,61,1258
5,Rupandehi,F,P,87.5,78.25,60,1277
5,Rupandehi,F,P,77.5,69,60,1299
5,Rupandehi,F,P,77.5,63.25,60,1329
5,Rupandehi,F,P,73.75,59.5,60,1344
6,Salyan,M,G,65,81.02,92,29
6,Salyan,M,G,62.5,69,69,667
0,Salyan,M,P,72.5,58.75,64,1029
6,Salyan,M,G,65.75,75.69,62,1122
6,Salyan,M,P,72.5,60.25,61,1260
1,Sankhuwasabha,F,Null,77.5,77.25,86,76
1,Sankhuwasabha,F,P,85,83.25,79,216
1,Sankhuwasabha,F,P,78.5,70.75,69,649
1,Sankhuwasabha,F,G,72.5,71.75,63,1055
1,Sankhuwasabha,F,P,77.5,65.75,60,1321
2,Saptari,M,P,82.5,72.25,84,112
2,Saptari,M,G,82.5,70.75,82,159
2,Saptari,M,P,82.5,74.25,72,478
2,Saptari,M,G,73.75,63,71,569
2,Saptari,F,P,82.5,71.5,70,595
2,Saptari,F,P,71.25,71.25,69,647
2,Saptari,M,G,52.5,80.55,68,695
2,Saptari,M,G,66.25,69.5,66,849
2,Saptari,M,P,71.25,62,63,1098
2,Saptari,M,P,56.25,75.1,62,1124
2,Saptari,M,P,75,62.5,61,1241
2,Saptari,M,P,71.25,61.75,61,1246
2,Saptari,F,P,71.25,66.75,60,1313
2,Saptari,F,P,72.5,60.5,60,1339
2,Sarlahi,F,P,83.75,79.75,88,49
2,Sarlahi,M,G,70,74,83,126
2,Sarlahi,M,P,86.25,81.5,81,168
2,Sarlahi,M,G,67.5,61,81,188
2,Sarlahi,F,O,73.75,70.75,74,398
2,Sarlahi,M,P,72.5,58.5,74,418
0,Sarlahi,F,O,83.75,73.25,70,590
0,Sarlahi,M,G,77.5,72.25,69,643
2,Sarlahi,M,P,75,64,66,869
2,Sarlahi,F,P,81.25,77.25,65,901
2,Sarlahi,F,P,83.75,76.5,64,978
2,Sarlahi,F,P,83.75,69.75,64,991
2,Sarlahi,M,P,72.5,61.75,61,1245
0,Sarlahi,F,P,85,72.25,60,1285
3,Sindhuli,M,P,82.5,79.75,77,272
3,Sindhuli,F,P,80,69.75,75,366
3,Sindhuli,F,G,66.25,64,72,506
3,Sindhuli,M,G,67.5,59.75,71,574
3,Sindhuli,M,P,79,86.82,63,1039
3,Sindhuli,F,G,66.25,82.2,62,1117
3,Sindhuli,M,P,85,69,62,1139
3,Sindhuli,F,P,82.5,80.24,60,1272
3,Sindhuli,F,Null,83.75,73.25,60,1284
3,Sindhuli,M,P,83.75,71.5,60,1292
3,Sindhuli,F,P,76.25,59.5,60,1343
3,Sindhupalchok,F,P,76.25,65.25,71,561
3,Sindhupalchok,F,P,83.75,73.25,67,779
3,Sindhupalchok,M,P,83.75,62,62,1179
0,Siraha,M,P,83.75,81.5,94,20
2,Siraha,M,P,76.25,67.25,84,115
2,Siraha,M,P,75,79,82,146
2,Siraha,M,G,80,70.75,81,181
2,Siraha,M,P,76.25,69.25,81,182
2,Siraha,M,P,80,73.25,80,201
2,Siraha,F,G,80,69.75,80,206
0,Siraha,F,G,76.63,70,79,231
2,Siraha,M,P,80,60.25,77,300
2,Siraha,M,P,71.25,59,76,335
2,Siraha,M,Null,81.25,80.75,74,383
2,Siraha,M,P,78.5,65.75,74,407
2,Siraha,M,P,83.75,79.75,71,524
2,Siraha,F,P,75,65.75,70,616
2,Siraha,F,P,82.5,79,68,696
2,Siraha,M,G,56.25,58,66,889
2,Siraha,M,Null,72.5,69.5,63,1061
2,Siraha,M,P,78.5,69,63,1063
2,Siraha,F,G,61.25,62.25,63,1097
2,Siraha,M,G,70,58.25,63,1106
2,Siraha,F,P,72.5,66.5,62,1154
0,Siraha,F,P,77.5,62.25,61,1242
2,Siraha,F,P,81.25,74.75,60,1283
1,Solukhumbu,F,P,82.5,76.5,77,277
1,Solukhumbu,F,P,88.75,78.25,70,579
1,Solukhumbu,M,G,80,63.75,62,1170
1,Sunsari,F,P,85,82.25,100,2
1,Sunsari,M,Null,83.75,82.25,94,19
1,Sunsari,F,P,76.25,84,83,120
1,Sunsari,F,P,82.5,74,79,227
1,Sunsari,F,P,67.5,68.5,79,234
1,Sunsari,M,P,68.75,63.25,76,332
1,Sunsari,M,P,85,75.75,75,349
1,Sunsari,F,P,81.25,74.75,75,354
1,Sunsari,F,P,81.25,71.5,74,393
1,Sunsari,M,P,72.5,57.75,74,420
1,Sunsari,F,P,75,57.25,73,471
1,Sunsari,F,P,76.25,72,71,539
1,Sunsari,F,P,82.5,77.25,70,584
1,Sunsari,F,P,82.5,69.75,69,653
1,Sunsari,F,P,76.25,69.75,69,656
1,Sunsari,M,P,72.5,69,69,665
1,Sunsari,F,G,52.5,60.75,69,689
1,Sunsari,F,P,80,72.75,66,841
1,Sunsari,F,G,70,55.75,66,892
1,Sunsari,F,P,81.25,71.75,65,913
1,Sunsari,F,P,80,70.75,65,918
1,Sunsari,F,P,72.5,54,64,1037
1,Sunsari,F,P,77.5,65.25,63,1080
1,Sunsari,F,P,71.25,54.75,63,1112
1,Sunsari,M,P,75,58.75,61,1264
1,Sunsari,M,P,62.5,76.27,60,1281
6,Surkhet,M,G,80,73,75,357
6,Surkhet,M,P,72.5,56.25,74,423
6,Surkhet,M,P,71.25,62,73,461
6,Surkhet,M,P,82.5,74,71,534
6,Surkhet,F,P,77.5,64.75,70,619
6,Surkhet,M,G,75,58.25,66,887
6,Surkhet,F,P,77.5,69.75,64,992
6,Surkhet,F,P,67.5,79.92,60,1273
4,Syangja,M,G,82.5,75.75,87,61
4,Syangja,M,G,78.5,77.25,81,175
0,Syangja,M,P,83.75,69.75,80,205
4,Syangja,F,P,83.75,62.75,80,214
4,Syangja,M,G,77.5,67.25,79,238
4,Syangja,F,P,85,70.75,77,284
4,Syangja,M,P,75,78.25,76,308
4,Syangja,F,G,80,75.75,76,311
4,Syangja,F,G,77.5,69.5,76,323
4,Syangja,F,P,78.5,75.75,75,352
4,Syangja,M,P,85,70.75,75,360
4,Syangja,M,P,77.5,64,74,409
4,Syangja,F,G,83.75,72.25,73,441
4,Syangja,F,P,71.25,63.25,73,459
4,Syangja,F,G,71.25,60.75,73,466
4,Syangja,F,G,76.25,62.75,72,510
4,Syangja,F,G,75,74,71,535
4,Syangja,M,P,80,71.5,71,540
4,Syangja,F,G,80,65.75,71,555
4,Syangja,F,P,81.25,65.5,71,560
4,Syangja,F,P,86.25,73,70,591
4,Syangja,F,P,82.5,67,70,610
4,Syangja,F,G,76.25,60.75,70,625
4,Syangja,M,P,71.25,57.25,68,755
0,Syangja,M,P,83.75,80.75,67,760
4,Syangja,F,G,73.75,72.25,67,786
4,Syangja,F,P,87.5,78,66,833
4,Syangja,F,P,78.5,74,66,836
4,Syangja,F,P,78.5,67.25,66,857
4,Syangja,F,G,81,63,66,878
4,Syangja,F,G,73.75,61,66,881
4,Syangja,F,P,67.5,57,66,891
4,Syangja,F,Null,71.25,53,66,893
4,Syangja,F,P,83.75,68.25,65,933
4,Syangja,F,P,83.75,67.25,65,937
4,Syangja,M,P,72.5,67,65,940
4,Syangja,F,G,74,64.42,65,949
4,Syangja,F,P,85,70.75,64,989
4,Syangja,F,G,66.25,57.75,64,1033
4,Syangja,F,Null,72.5,63.25,63,1092
4,Syangja,M,G,66.25,50.75,63,1116
4,Syangja,F,P,81.25,68.75,62,1143
4,Syangja,F,G,75,64.5,61,1232
4,Syangja,M,G,70,60.75,61,1252
4,Syangja,F,P,73.75,60.5,61,1256
4,Syangja,F,P,76.25,65.75,60,1322
4,Syangja,F,P,76.25,63.25,60,1330
4,Tanahun,F,P,83.75,82.25,98,7
4,Tanahun,M,P,86.25,82.25,94,18
0,Tanahun,F,P,87.5,78.25,89,42
4,Tanahun,M,P,76.25,73.75,88,55
4,Tanahun,F,P,86.25,81.5,87,57
4,Tanahun,F,G,83.75,77.25,82,149
4,Tanahun,F,P,83.75,72,82,158
0,Tanahun,F,P,75,61.5,82,165
0,Tanahun,F,P,85,83.25,81,166
4,Tanahun,F,P,85,80.25,81,170
4,Tanahun,F,P,76.25,79,80,195
4,Tanahun,M,G,75,78.25,79,224
4,Tanahun,M,O,85,78.25,78,248
4,Tanahun,F,P,77.5,58.25,75,378
4,Tanahun,F,G,87.5,77,74,386
4,Tanahun,F,G,83.75,75.75,74,390
4,Tanahun,F,P,77.5,59.75,74,415
4,Tanahun,M,G,80,57.75,74,419
4,Tanahun,M,P,73.75,67.75,73,452
4,Tanahun,F,P,82.5,70.25,72,492
4,Tanahun,F,G,78.5,64,71,565
4,Tanahun,F,G,58.75,64,71,567
4,Tanahun,F,G,71.25,55.5,71,575
4,Tanahun,M,G,82.5,69.75,69,655
4,Tanahun,M,G,73.75,73.25,68,704
4,Tanahun,F,G,77.5,57.25,68,753
4,Tanahun,F,G,62.5,54,68,758
4,Tanahun,F,G,82.5,72.25,67,784
4,Tanahun,F,P,80,71.5,67,789
0,Tanahun,F,G,80,71.5,67,790
4,Tanahun,F,G,80,64.25,67,810
4,Tanahun,F,P,85,77.25,66,834
4,Tanahun,F,P,80,71.5,66,843
4,Tanahun,F,G,71.25,58.75,66,886
0,Tanahun,F,P,82.5,79.75,65,895
4,Tanahun,F,P,80,74.75,65,906
4,Tanahun,M,P,86.25,68.75,65,930
0,Tanahun,F,P,83.75,73.25,63,1048
4,Tanahun,F,G,80,72.75,63,1050
4,Tanahun,M,P,81.25,72.25,63,1053
0,Tanahun,F,P,80,70.25,63,1059
4,Tanahun,F,G,84,67.25,63,1071
4,Tanahun,M,G,70,64.75,63,1083
4,Tanahun,F,G,75,56,63,1110
4,Tanahun,F,G,82.5,69,62,1140
4,Tanahun,F,G,66.25,64,62,1168
4,Tanahun,M,G,77.5,63.25,62,1175
4,Tanahun,F,G,76.25,60.5,62,1182
4,Tanahun,F,P,86.25,71.75,60,1291
4,Tanahun,F,P,81.25,66.5,60,1315
4,Tanahun,F,P,77.5,61.5,60,1335
4,Tanahun,F,G,75,59,60,1347
1,Terhathum,F,G,80,74.75,81,177
1,Terhathum,F,P,81.25,70.75,77,285
1,Terhathum,F,P,81.25,76.5,71,531
1,Terhathum,M,P,77.5,64.75,69,675
1,Udayapur,F,P,82.5,77.75,86,74
1,Udayapur,F,P,81.25,83.25,81,167
1,Udayapur,F,P,75,71.25,78,263
1,Udayapur,F,P,80,69.75,76,321
1,Udayapur,F,P,80,75.75,75,351
1,Udayapur,M,P,72.5,72,75,358
1,Udayapur,F,P,72.5,61.25,64,1027
1,Udayapur,F,G,75,66,62,1156
1,Udayapur,F,P,73.75,66.75,61,1223
1,Udayapur,M,P,68.75,68.25,60,1303
1,Udayapur,M,O,72.5,56.25,60,1355
